{
    "loss": 0.26686882972717285,
    "accuracy": 0.9137930870056152
}